web-scraper-order,web-scraper-start-url,Date,Open,Close
"1616521277-898","https://finance.yahoo.com/quote/TCEHY/history?period1=1577836800&period2=1616457600&interval=1d&filter=history&frequency=1d&includeAdjustedClose=true","May 19, 2020","55.68","55.40"
"1616521277-703","https://finance.yahoo.com/quote/TCEHY/history?period1=1577836800&period2=1616457600&interval=1d&filter=history&frequency=1d&includeAdjustedClose=true","Feb 26, 2021","86.00","87.20"
"1616521277-721","https://finance.yahoo.com/quote/TCEHY/history?period1=1577836800&period2=1616457600&interval=1d&filter=history&frequency=1d&includeAdjustedClose=true","Feb 01, 2021","91.66","93.91"
"1616521277-916","https://finance.yahoo.com/quote/TCEHY/history?period1=1577836800&period2=1616457600&interval=1d&filter=history&frequency=1d&includeAdjustedClose=true","Apr 24, 2020","52.66","52.85"
"1616521277-780","https://finance.yahoo.com/quote/TCEHY/history?period1=1577836800&period2=1616457600&interval=1d&filter=history&frequency=1d&includeAdjustedClose=true","Nov 04, 2020","77.48","78.71"
"1616521277-932","https://finance.yahoo.com/quote/TCEHY/history?period1=1577836800&period2=1616457600&interval=1d&filter=history&frequency=1d&includeAdjustedClose=true","Apr 01, 2020","48.01","47.06"
"1616521277-837","https://finance.yahoo.com/quote/TCEHY/history?period1=1577836800&period2=1616457600&interval=1d&filter=history&frequency=1d&includeAdjustedClose=true","Aug 14, 2020","65.45","64.87"
"1616521277-823","https://finance.yahoo.com/quote/TCEHY/history?period1=1577836800&period2=1616457600&interval=1d&filter=history&frequency=1d&includeAdjustedClose=true","Sep 03, 2020","68.37","67.22"
"1616521277-874","https://finance.yahoo.com/quote/TCEHY/history?period1=1577836800&period2=1616457600&interval=1d&filter=history&frequency=1d&includeAdjustedClose=true","Jun 23, 2020","64.32","64.00"
"1616521277-975","https://finance.yahoo.com/quote/TCEHY/history?period1=1577836800&period2=1616457600&interval=1d&filter=history&frequency=1d&includeAdjustedClose=true","Jan 30, 2020","48.11","49.08"
"1616521277-791","https://finance.yahoo.com/quote/TCEHY/history?period1=1577836800&period2=1616457600&interval=1d&filter=history&frequency=1d&includeAdjustedClose=true","Oct 20, 2020","72.64","72.75"
"1616521277-768","https://finance.yahoo.com/quote/TCEHY/history?period1=1577836800&period2=1616457600&interval=1d&filter=history&frequency=1d&includeAdjustedClose=true","Nov 20, 2020","75.96","76.40"
"1616521277-979","https://finance.yahoo.com/quote/TCEHY/history?period1=1577836800&period2=1616457600&interval=1d&filter=history&frequency=1d&includeAdjustedClose=true","Jan 24, 2020","49.63","48.93"
"1616521277-919","https://finance.yahoo.com/quote/TCEHY/history?period1=1577836800&period2=1616457600&interval=1d&filter=history&frequency=1d&includeAdjustedClose=true","Apr 21, 2020","51.25","51.07"
"1616521277-690","https://finance.yahoo.com/quote/TCEHY/history?period1=1577836800&period2=1616457600&interval=1d&filter=history&frequency=1d&includeAdjustedClose=true","Mar 17, 2021","80.09","81.10"
"1616521277-864","https://finance.yahoo.com/quote/TCEHY/history?period1=1577836800&period2=1616457600&interval=1d&filter=history&frequency=1d&includeAdjustedClose=true","Jul 08, 2020","69.87","70.89"
"1616521277-939","https://finance.yahoo.com/quote/TCEHY/history?period1=1577836800&period2=1616457600&interval=1d&filter=history&frequency=1d&includeAdjustedClose=true","Mar 23, 2020","46.07","46.42"
"1616521277-744","https://finance.yahoo.com/quote/TCEHY/history?period1=1577836800&period2=1616457600&interval=1d&filter=history&frequency=1d&includeAdjustedClose=true","Dec 28, 2020","68.15","67.28"
"1616521277-895","https://finance.yahoo.com/quote/TCEHY/history?period1=1577836800&period2=1616457600&interval=1d&filter=history&frequency=1d&includeAdjustedClose=true","May 22, 2020","53.41","52.68"
"1616521277-754","https://finance.yahoo.com/quote/TCEHY/history?period1=1577836800&period2=1616457600&interval=1d&filter=history&frequency=1d&includeAdjustedClose=true","Dec 11, 2020","75.70","75.14"
"1616521277-789","https://finance.yahoo.com/quote/TCEHY/history?period1=1577836800&period2=1616457600&interval=1d&filter=history&frequency=1d&includeAdjustedClose=true","Oct 22, 2020","72.82","72.20"
"1616521277-872","https://finance.yahoo.com/quote/TCEHY/history?period1=1577836800&period2=1616457600&interval=1d&filter=history&frequency=1d&includeAdjustedClose=true","Jun 25, 2020","62.45","62.72"
"1616521277-819","https://finance.yahoo.com/quote/TCEHY/history?period1=1577836800&period2=1616457600&interval=1d&filter=history&frequency=1d&includeAdjustedClose=true","Sep 10, 2020","65.90","64.98"
"1616521277-971","https://finance.yahoo.com/quote/TCEHY/history?period1=1577836800&period2=1616457600&interval=1d&filter=history&frequency=1d&includeAdjustedClose=true","Feb 05, 2020","51.45","50.84"
"1616521277-712","https://finance.yahoo.com/quote/TCEHY/history?period1=1577836800&period2=1616457600&interval=1d&filter=history&frequency=1d&includeAdjustedClose=true","Feb 12, 2021","99.01","99.10"
"1616521277-989","https://finance.yahoo.com/quote/TCEHY/history?period1=1577836800&period2=1616457600&interval=1d&filter=history&frequency=1d&includeAdjustedClose=true","Jan 09, 2020","49.99","50.48"
"1616521277-796","https://finance.yahoo.com/quote/TCEHY/history?period1=1577836800&period2=1616457600&interval=1d&filter=history&frequency=1d&includeAdjustedClose=true","Oct 13, 2020","73.12","74.04"
"1616521277-879","https://finance.yahoo.com/quote/TCEHY/history?period1=1577836800&period2=1616457600&interval=1d&filter=history&frequency=1d&includeAdjustedClose=true","Jun 16, 2020","58.64","58.08"
"1616521277-839","https://finance.yahoo.com/quote/TCEHY/history?period1=1577836800&period2=1616457600&interval=1d&filter=history&frequency=1d&includeAdjustedClose=true","Aug 12, 2020","68.00","68.00"
"1616521277-695","https://finance.yahoo.com/quote/TCEHY/history?period1=1577836800&period2=1616457600&interval=1d&filter=history&frequency=1d&includeAdjustedClose=true","Mar 10, 2021","86.29","84.59"
"1616521277-985","https://finance.yahoo.com/quote/TCEHY/history?period1=1577836800&period2=1616457600&interval=1d&filter=history&frequency=1d&includeAdjustedClose=true","Jan 15, 2020","51.38","51.17"
"1616521277-869","https://finance.yahoo.com/quote/TCEHY/history?period1=1577836800&period2=1616457600&interval=1d&filter=history&frequency=1d&includeAdjustedClose=true","Jun 30, 2020","64.08","64.00"
"1616521277-906","https://finance.yahoo.com/quote/TCEHY/history?period1=1577836800&period2=1616457600&interval=1d&filter=history&frequency=1d&includeAdjustedClose=true","May 08, 2020","54.01","54.57"
"1616521277-811","https://finance.yahoo.com/quote/TCEHY/history?period1=1577836800&period2=1616457600&interval=1d&filter=history&frequency=1d&includeAdjustedClose=true","Sep 22, 2020","66.50","66.38"
"1616521277-755","https://finance.yahoo.com/quote/TCEHY/history?period1=1577836800&period2=1616457600&interval=1d&filter=history&frequency=1d&includeAdjustedClose=true","Dec 10, 2020","74.50","75.84"
"1616521277-727","https://finance.yahoo.com/quote/TCEHY/history?period1=1577836800&period2=1616457600&interval=1d&filter=history&frequency=1d&includeAdjustedClose=true","Jan 22, 2021","88.90","90.35"
"1616521277-868","https://finance.yahoo.com/quote/TCEHY/history?period1=1577836800&period2=1616457600&interval=1d&filter=history&frequency=1d&includeAdjustedClose=true","Jul 01, 2020","64.15","65.02"
"1616521277-892","https://finance.yahoo.com/quote/TCEHY/history?period1=1577836800&period2=1616457600&interval=1d&filter=history&frequency=1d&includeAdjustedClose=true","May 28, 2020","52.94","52.25"
"1616521277-863","https://finance.yahoo.com/quote/TCEHY/history?period1=1577836800&period2=1616457600&interval=1d&filter=history&frequency=1d&includeAdjustedClose=true","Jul 09, 2020","72.88","71.28"
"1616521277-731","https://finance.yahoo.com/quote/TCEHY/history?period1=1577836800&period2=1616457600&interval=1d&filter=history&frequency=1d&includeAdjustedClose=true","Jan 15, 2021","82.60","82.25"
"1616521277-854","https://finance.yahoo.com/quote/TCEHY/history?period1=1577836800&period2=1616457600&interval=1d&filter=history&frequency=1d&includeAdjustedClose=true","Jul 22, 2020","70.25","69.84"
"1616521277-888","https://finance.yahoo.com/quote/TCEHY/history?period1=1577836800&period2=1616457600&interval=1d&filter=history&frequency=1d&includeAdjustedClose=true","Jun 03, 2020","56.18","56.29"
"1616521277-816","https://finance.yahoo.com/quote/TCEHY/history?period1=1577836800&period2=1616457600&interval=1d&filter=history&frequency=1d&includeAdjustedClose=true","Sep 15, 2020","69.05","68.98"
"1616521277-974","https://finance.yahoo.com/quote/TCEHY/history?period1=1577836800&period2=1616457600&interval=1d&filter=history&frequency=1d&includeAdjustedClose=true","Jan 31, 2020","47.93","47.91"
"1616521277-980","https://finance.yahoo.com/quote/TCEHY/history?period1=1577836800&period2=1616457600&interval=1d&filter=history&frequency=1d&includeAdjustedClose=true","Jan 23, 2020","49.02","49.85"
"1616521277-689","https://finance.yahoo.com/quote/TCEHY/history?period1=1577836800&period2=1616457600&interval=1d&filter=history&frequency=1d&includeAdjustedClose=true","Mar 18, 2021","81.55","81.00"
"1616521277-704","https://finance.yahoo.com/quote/TCEHY/history?period1=1577836800&period2=1616457600&interval=1d&filter=history&frequency=1d&includeAdjustedClose=true","Feb 25, 2021","88.62","86.77"
"1616521277-992","https://finance.yahoo.com/quote/TCEHY/history?period1=1577836800&period2=1616457600&interval=1d&filter=history&frequency=1d&includeAdjustedClose=true","Jan 06, 2020","48.33","48.77"
"1616521277-965","https://finance.yahoo.com/quote/TCEHY/history?period1=1577836800&period2=1616457600&interval=1d&filter=history&frequency=1d&includeAdjustedClose=true","Feb 13, 2020","53.40","53.52"
"1616521277-764","https://finance.yahoo.com/quote/TCEHY/history?period1=1577836800&period2=1616457600&interval=1d&filter=history&frequency=1d&includeAdjustedClose=true","Nov 27, 2020","76.29","75.95"
"1616521277-934","https://finance.yahoo.com/quote/TCEHY/history?period1=1577836800&period2=1616457600&interval=1d&filter=history&frequency=1d&includeAdjustedClose=true","Mar 30, 2020","49.00","49.64"
"1616521277-702","https://finance.yahoo.com/quote/TCEHY/history?period1=1577836800&period2=1616457600&interval=1d&filter=history&frequency=1d&includeAdjustedClose=true","Mar 01, 2021","89.87","91.30"
"1616521277-808","https://finance.yahoo.com/quote/TCEHY/history?period1=1577836800&period2=1616457600&interval=1d&filter=history&frequency=1d&includeAdjustedClose=true","Sep 25, 2020","64.75","65.31"
"1616521277-749","https://finance.yahoo.com/quote/TCEHY/history?period1=1577836800&period2=1616457600&interval=1d&filter=history&frequency=1d&includeAdjustedClose=true","Dec 18, 2020","75.24","75.31"
"1616521277-818","https://finance.yahoo.com/quote/TCEHY/history?period1=1577836800&period2=1616457600&interval=1d&filter=history&frequency=1d&includeAdjustedClose=true","Sep 11, 2020","66.38","66.19"
"1616521277-801","https://finance.yahoo.com/quote/TCEHY/history?period1=1577836800&period2=1616457600&interval=1d&filter=history&frequency=1d&includeAdjustedClose=true","Oct 06, 2020","68.37","68.81"
"1616521277-792","https://finance.yahoo.com/quote/TCEHY/history?period1=1577836800&period2=1616457600&interval=1d&filter=history&frequency=1d&includeAdjustedClose=true","Oct 19, 2020","72.88","72.13"
"1616521277-812","https://finance.yahoo.com/quote/TCEHY/history?period1=1577836800&period2=1616457600&interval=1d&filter=history&frequency=1d&includeAdjustedClose=true","Sep 21, 2020","65.34","66.57"
"1616521277-798","https://finance.yahoo.com/quote/TCEHY/history?period1=1577836800&period2=1616457600&interval=1d&filter=history&frequency=1d&includeAdjustedClose=true","Oct 09, 2020","70.05","70.94"
"1616521277-763","https://finance.yahoo.com/quote/TCEHY/history?period1=1577836800&period2=1616457600&interval=1d&filter=history&frequency=1d&includeAdjustedClose=true","Nov 30, 2020","73.02","73.00"
"1616521277-882","https://finance.yahoo.com/quote/TCEHY/history?period1=1577836800&period2=1616457600&interval=1d&filter=history&frequency=1d&includeAdjustedClose=true","Jun 11, 2020","56.63","55.88"
"1616521277-785","https://finance.yahoo.com/quote/TCEHY/history?period1=1577836800&period2=1616457600&interval=1d&filter=history&frequency=1d&includeAdjustedClose=true","Oct 28, 2020","76.74","75.95"
"1616521277-803","https://finance.yahoo.com/quote/TCEHY/history?period1=1577836800&period2=1616457600&interval=1d&filter=history&frequency=1d&includeAdjustedClose=true","Oct 02, 2020","67.46","67.23"
"1616521277-885","https://finance.yahoo.com/quote/TCEHY/history?period1=1577836800&period2=1616457600&interval=1d&filter=history&frequency=1d&includeAdjustedClose=true","Jun 08, 2020","55.69","55.78"
"1616521277-844","https://finance.yahoo.com/quote/TCEHY/history?period1=1577836800&period2=1616457600&interval=1d&filter=history&frequency=1d&includeAdjustedClose=true","Aug 05, 2020","72.41","72.45"
"1616521277-849","https://finance.yahoo.com/quote/TCEHY/history?period1=1577836800&period2=1616457600&interval=1d&filter=history&frequency=1d&includeAdjustedClose=true","Jul 29, 2020","69.95","70.42"
"1616521277-842","https://finance.yahoo.com/quote/TCEHY/history?period1=1577836800&period2=1616457600&interval=1d&filter=history&frequency=1d&includeAdjustedClose=true","Aug 07, 2020","67.93","67.22"
"1616521277-794","https://finance.yahoo.com/quote/TCEHY/history?period1=1577836800&period2=1616457600&interval=1d&filter=history&frequency=1d&includeAdjustedClose=true","Oct 15, 2020","70.69","71.95"
"1616521277-710","https://finance.yahoo.com/quote/TCEHY/history?period1=1577836800&period2=1616457600&interval=1d&filter=history&frequency=1d&includeAdjustedClose=true","Feb 17, 2021","97.35","97.31"
"1616521277-850","https://finance.yahoo.com/quote/TCEHY/history?period1=1577836800&period2=1616457600&interval=1d&filter=history&frequency=1d&includeAdjustedClose=true","Jul 28, 2020","69.75","69.12"
"1616521277-887","https://finance.yahoo.com/quote/TCEHY/history?period1=1577836800&period2=1616457600&interval=1d&filter=history&frequency=1d&includeAdjustedClose=true","Jun 04, 2020","55.82","55.52"
"1616521277-972","https://finance.yahoo.com/quote/TCEHY/history?period1=1577836800&period2=1616457600&interval=1d&filter=history&frequency=1d&includeAdjustedClose=true","Feb 04, 2020","51.34","51.10"
"1616521277-716","https://finance.yahoo.com/quote/TCEHY/history?period1=1577836800&period2=1616457600&interval=1d&filter=history&frequency=1d&includeAdjustedClose=true","Feb 08, 2021","95.59","95.10"
"1616521277-778","https://finance.yahoo.com/quote/TCEHY/history?period1=1577836800&period2=1616457600&interval=1d&filter=history&frequency=1d&includeAdjustedClose=true","Nov 06, 2020","80.05","79.76"
"1616521277-751","https://finance.yahoo.com/quote/TCEHY/history?period1=1577836800&period2=1616457600&interval=1d&filter=history&frequency=1d&includeAdjustedClose=true","Dec 16, 2020","73.94","74.06"
"1616521277-928","https://finance.yahoo.com/quote/TCEHY/history?period1=1577836800&period2=1616457600&interval=1d&filter=history&frequency=1d&includeAdjustedClose=true","Apr 07, 2020","50.62","49.47"
"1616521277-757","https://finance.yahoo.com/quote/TCEHY/history?period1=1577836800&period2=1616457600&interval=1d&filter=history&frequency=1d&includeAdjustedClose=true","Dec 08, 2020","75.75","75.83"
"1616521277-708","https://finance.yahoo.com/quote/TCEHY/history?period1=1577836800&period2=1616457600&interval=1d&filter=history&frequency=1d&includeAdjustedClose=true","Feb 19, 2021","95.35","95.50"
"1616521277-743","https://finance.yahoo.com/quote/TCEHY/history?period1=1577836800&period2=1616457600&interval=1d&filter=history&frequency=1d&includeAdjustedClose=true","Dec 29, 2020","68.96","69.86"
"1616521277-908","https://finance.yahoo.com/quote/TCEHY/history?period1=1577836800&period2=1616457600&interval=1d&filter=history&frequency=1d&includeAdjustedClose=true","May 06, 2020","52.75","52.56"
"1616521277-833","https://finance.yahoo.com/quote/TCEHY/history?period1=1577836800&period2=1616457600&interval=1d&filter=history&frequency=1d&includeAdjustedClose=true","Aug 20, 2020","64.92","66.26"
"1616521277-986","https://finance.yahoo.com/quote/TCEHY/history?period1=1577836800&period2=1616457600&interval=1d&filter=history&frequency=1d&includeAdjustedClose=true","Jan 14, 2020","51.55","51.39"
"1616521277-728","https://finance.yahoo.com/quote/TCEHY/history?period1=1577836800&period2=1616457600&interval=1d&filter=history&frequency=1d&includeAdjustedClose=true","Jan 21, 2021","88.01","88.44"
"1616521277-911","https://finance.yahoo.com/quote/TCEHY/history?period1=1577836800&period2=1616457600&interval=1d&filter=history&frequency=1d&includeAdjustedClose=true","May 01, 2020","51.49","51.05"
"1616521277-825","https://finance.yahoo.com/quote/TCEHY/history?period1=1577836800&period2=1616457600&interval=1d&filter=history&frequency=1d&includeAdjustedClose=true","Sep 01, 2020","69.73","70.51"
"1616521277-687","https://finance.yahoo.com/quote/TCEHY/history?period1=1577836800&period2=1616457600&interval=1d&filter=history&frequency=1d&includeAdjustedClose=true","Mar 22, 2021","81.90","82.77"
"1616521277-856","https://finance.yahoo.com/quote/TCEHY/history?period1=1577836800&period2=1616457600&interval=1d&filter=history&frequency=1d&includeAdjustedClose=true","Jul 20, 2020","67.50","69.00"
"1616521277-903","https://finance.yahoo.com/quote/TCEHY/history?period1=1577836800&period2=1616457600&interval=1d&filter=history&frequency=1d&includeAdjustedClose=true","May 13, 2020","57.84","57.83"
"1616521277-756","https://finance.yahoo.com/quote/TCEHY/history?period1=1577836800&period2=1616457600&interval=1d&filter=history&frequency=1d&includeAdjustedClose=true","Dec 09, 2020","75.84","74.59"
"1616521277-921","https://finance.yahoo.com/quote/TCEHY/history?period1=1577836800&period2=1616457600&interval=1d&filter=history&frequency=1d&includeAdjustedClose=true","Apr 17, 2020","53.00","52.35"
"1616521277-771","https://finance.yahoo.com/quote/TCEHY/history?period1=1577836800&period2=1616457600&interval=1d&filter=history&frequency=1d&includeAdjustedClose=true","Nov 17, 2020","75.33","75.02"
"1616521277-900","https://finance.yahoo.com/quote/TCEHY/history?period1=1577836800&period2=1616457600&interval=1d&filter=history&frequency=1d&includeAdjustedClose=true","May 15, 2020","53.85","54.01"
"1616521277-765","https://finance.yahoo.com/quote/TCEHY/history?period1=1577836800&period2=1616457600&interval=1d&filter=history&frequency=1d&includeAdjustedClose=true","Nov 25, 2020","74.47","74.75"
"1616521277-693","https://finance.yahoo.com/quote/TCEHY/history?period1=1577836800&period2=1616457600&interval=1d&filter=history&frequency=1d&includeAdjustedClose=true","Mar 12, 2021","83.50","82.57"
"1616521277-730","https://finance.yahoo.com/quote/TCEHY/history?period1=1577836800&period2=1616457600&interval=1d&filter=history&frequency=1d&includeAdjustedClose=true","Jan 19, 2021","84.55","85.90"
"1616521277-922","https://finance.yahoo.com/quote/TCEHY/history?period1=1577836800&period2=1616457600&interval=1d&filter=history&frequency=1d&includeAdjustedClose=true","Apr 16, 2020","52.50","53.11"
"1616521277-737","https://finance.yahoo.com/quote/TCEHY/history?period1=1577836800&period2=1616457600&interval=1d&filter=history&frequency=1d&includeAdjustedClose=true","Jan 07, 2021","73.00","72.85"
"1616521277-822","https://finance.yahoo.com/quote/TCEHY/history?period1=1577836800&period2=1616457600&interval=1d&filter=history&frequency=1d&includeAdjustedClose=true","Sep 04, 2020","66.80","67.05"
"1616521277-943","https://finance.yahoo.com/quote/TCEHY/history?period1=1577836800&period2=1616457600&interval=1d&filter=history&frequency=1d&includeAdjustedClose=true","Mar 17, 2020","43.42","44.54"
"1616521277-983","https://finance.yahoo.com/quote/TCEHY/history?period1=1577836800&period2=1616457600&interval=1d&filter=history&frequency=1d&includeAdjustedClose=true","Jan 17, 2020","51.45","51.60"
"1616521277-814","https://finance.yahoo.com/quote/TCEHY/history?period1=1577836800&period2=1616457600&interval=1d&filter=history&frequency=1d&includeAdjustedClose=true","Sep 17, 2020","67.70","66.66"
"1616521277-805","https://finance.yahoo.com/quote/TCEHY/history?period1=1577836800&period2=1616457600&interval=1d&filter=history&frequency=1d&includeAdjustedClose=true","Sep 30, 2020","66.23","67.65"
"1616521277-994","https://finance.yahoo.com/quote/TCEHY/history?period1=1577836800&period2=1616457600&interval=1d&filter=history&frequency=1d&includeAdjustedClose=true","Jan 02, 2020","49.20","49.88"
"1616521277-935","https://finance.yahoo.com/quote/TCEHY/history?period1=1577836800&period2=1616457600&interval=1d&filter=history&frequency=1d&includeAdjustedClose=true","Mar 27, 2020","48.45","48.55"
"1616521277-909","https://finance.yahoo.com/quote/TCEHY/history?period1=1577836800&period2=1616457600&interval=1d&filter=history&frequency=1d&includeAdjustedClose=true","May 05, 2020","52.20","52.17"
"1616521277-826","https://finance.yahoo.com/quote/TCEHY/history?period1=1577836800&period2=1616457600&interval=1d&filter=history&frequency=1d&includeAdjustedClose=true","Aug 31, 2020","68.64","68.34"
"1616521277-889","https://finance.yahoo.com/quote/TCEHY/history?period1=1577836800&period2=1616457600&interval=1d&filter=history&frequency=1d&includeAdjustedClose=true","Jun 02, 2020","55.98","56.36"
"1616521277-691","https://finance.yahoo.com/quote/TCEHY/history?period1=1577836800&period2=1616457600&interval=1d&filter=history&frequency=1d&includeAdjustedClose=true","Mar 16, 2021","81.18","81.65"
"1616521277-936","https://finance.yahoo.com/quote/TCEHY/history?period1=1577836800&period2=1616457600&interval=1d&filter=history&frequency=1d&includeAdjustedClose=true","Mar 26, 2020","50.10","51.10"
"1616521277-790","https://finance.yahoo.com/quote/TCEHY/history?period1=1577836800&period2=1616457600&interval=1d&filter=history&frequency=1d&includeAdjustedClose=true","Oct 21, 2020","72.68","72.89"
"1616521277-950","https://finance.yahoo.com/quote/TCEHY/history?period1=1577836800&period2=1616457600&interval=1d&filter=history&frequency=1d&includeAdjustedClose=true","Mar 06, 2020","50.25","50.09"
"1616521277-948","https://finance.yahoo.com/quote/TCEHY/history?period1=1577836800&period2=1616457600&interval=1d&filter=history&frequency=1d&includeAdjustedClose=true","Mar 10, 2020","49.60","49.56"
"1616521277-956","https://finance.yahoo.com/quote/TCEHY/history?period1=1577836800&period2=1616457600&interval=1d&filter=history&frequency=1d&includeAdjustedClose=true","Feb 27, 2020","50.26","49.84"
"1616521277-970","https://finance.yahoo.com/quote/TCEHY/history?period1=1577836800&period2=1616457600&interval=1d&filter=history&frequency=1d&includeAdjustedClose=true","Feb 06, 2020","51.29","51.42"
"1616521277-978","https://finance.yahoo.com/quote/TCEHY/history?period1=1577836800&period2=1616457600&interval=1d&filter=history&frequency=1d&includeAdjustedClose=true","Jan 27, 2020","46.38","47.42"
"1616521277-860","https://finance.yahoo.com/quote/TCEHY/history?period1=1577836800&period2=1616457600&interval=1d&filter=history&frequency=1d&includeAdjustedClose=true","Jul 14, 2020","67.60","67.54"
"1616521277-924","https://finance.yahoo.com/quote/TCEHY/history?period1=1577836800&period2=1616457600&interval=1d&filter=history&frequency=1d&includeAdjustedClose=true","Apr 14, 2020","50.88","51.45"
"1616521277-955","https://finance.yahoo.com/quote/TCEHY/history?period1=1577836800&period2=1616457600&interval=1d&filter=history&frequency=1d&includeAdjustedClose=true","Feb 28, 2020","48.21","49.65"
"1616521277-698","https://finance.yahoo.com/quote/TCEHY/history?period1=1577836800&period2=1616457600&interval=1d&filter=history&frequency=1d&includeAdjustedClose=true","Mar 05, 2021","86.92","87.25"
"1616521277-923","https://finance.yahoo.com/quote/TCEHY/history?period1=1577836800&period2=1616457600&interval=1d&filter=history&frequency=1d&includeAdjustedClose=true","Apr 15, 2020","50.50","50.96"
"1616521277-866","https://finance.yahoo.com/quote/TCEHY/history?period1=1577836800&period2=1616457600&interval=1d&filter=history&frequency=1d&includeAdjustedClose=true","Jul 06, 2020","67.19","67.99"
"1616521277-988","https://finance.yahoo.com/quote/TCEHY/history?period1=1577836800&period2=1616457600&interval=1d&filter=history&frequency=1d&includeAdjustedClose=true","Jan 10, 2020","51.18","51.43"
"1616521277-893","https://finance.yahoo.com/quote/TCEHY/history?period1=1577836800&period2=1616457600&interval=1d&filter=history&frequency=1d&includeAdjustedClose=true","May 27, 2020","53.92","53.58"
"1616521277-758","https://finance.yahoo.com/quote/TCEHY/history?period1=1577836800&period2=1616457600&interval=1d&filter=history&frequency=1d&includeAdjustedClose=true","Dec 07, 2020","75.23","75.83"
"1616521277-709","https://finance.yahoo.com/quote/TCEHY/history?period1=1577836800&period2=1616457600&interval=1d&filter=history&frequency=1d&includeAdjustedClose=true","Feb 18, 2021","95.60","95.74"
"1616521277-838","https://finance.yahoo.com/quote/TCEHY/history?period1=1577836800&period2=1616457600&interval=1d&filter=history&frequency=1d&includeAdjustedClose=true","Aug 13, 2020","66.13","65.32"
"1616521277-779","https://finance.yahoo.com/quote/TCEHY/history?period1=1577836800&period2=1616457600&interval=1d&filter=history&frequency=1d&includeAdjustedClose=true","Nov 05, 2020","81.22","80.83"
"1616521277-977","https://finance.yahoo.com/quote/TCEHY/history?period1=1577836800&period2=1616457600&interval=1d&filter=history&frequency=1d&includeAdjustedClose=true","Jan 28, 2020","47.55","48.22"
"1616521277-750","https://finance.yahoo.com/quote/TCEHY/history?period1=1577836800&period2=1616457600&interval=1d&filter=history&frequency=1d&includeAdjustedClose=true","Dec 17, 2020","75.15","75.28"
"1616521277-904","https://finance.yahoo.com/quote/TCEHY/history?period1=1577836800&period2=1616457600&interval=1d&filter=history&frequency=1d&includeAdjustedClose=true","May 12, 2020","56.30","55.35"
"1616521277-820","https://finance.yahoo.com/quote/TCEHY/history?period1=1577836800&period2=1616457600&interval=1d&filter=history&frequency=1d&includeAdjustedClose=true","Sep 09, 2020","65.47","66.33"
"1616521277-976","https://finance.yahoo.com/quote/TCEHY/history?period1=1577836800&period2=1616457600&interval=1d&filter=history&frequency=1d&includeAdjustedClose=true","Jan 29, 2020","49.52","49.53"
"1616521277-745","https://finance.yahoo.com/quote/TCEHY/history?period1=1577836800&period2=1616457600&interval=1d&filter=history&frequency=1d&includeAdjustedClose=true","Dec 24, 2020","71.77","69.75"
"1616521277-760","https://finance.yahoo.com/quote/TCEHY/history?period1=1577836800&period2=1616457600&interval=1d&filter=history&frequency=1d&includeAdjustedClose=true","Dec 03, 2020","75.94","76.45"
"1616521277-767","https://finance.yahoo.com/quote/TCEHY/history?period1=1577836800&period2=1616457600&interval=1d&filter=history&frequency=1d&includeAdjustedClose=true","Nov 23, 2020","76.06","74.67"
"1616521277-938","https://finance.yahoo.com/quote/TCEHY/history?period1=1577836800&period2=1616457600&interval=1d&filter=history&frequency=1d&includeAdjustedClose=true","Mar 24, 2020","47.82","48.42"
"1616521277-858","https://finance.yahoo.com/quote/TCEHY/history?period1=1577836800&period2=1616457600&interval=1d&filter=history&frequency=1d&includeAdjustedClose=true","Jul 16, 2020","66.61","67.08"
"1616521277-951","https://finance.yahoo.com/quote/TCEHY/history?period1=1577836800&period2=1616457600&interval=1d&filter=history&frequency=1d&includeAdjustedClose=true","Mar 05, 2020","51.66","51.68"
"1616521277-881","https://finance.yahoo.com/quote/TCEHY/history?period1=1577836800&period2=1616457600&interval=1d&filter=history&frequency=1d&includeAdjustedClose=true","Jun 12, 2020","57.48","56.75"
"1616521277-809","https://finance.yahoo.com/quote/TCEHY/history?period1=1577836800&period2=1616457600&interval=1d&filter=history&frequency=1d&includeAdjustedClose=true","Sep 24, 2020","65.10","65.62"
"1616521277-770","https://finance.yahoo.com/quote/TCEHY/history?period1=1577836800&period2=1616457600&interval=1d&filter=history&frequency=1d&includeAdjustedClose=true","Nov 18, 2020","76.58","75.47"
"1616521277-706","https://finance.yahoo.com/quote/TCEHY/history?period1=1577836800&period2=1616457600&interval=1d&filter=history&frequency=1d&includeAdjustedClose=true","Feb 23, 2021","89.28","90.73"
"1616521277-741","https://finance.yahoo.com/quote/TCEHY/history?period1=1577836800&period2=1616457600&interval=1d&filter=history&frequency=1d&includeAdjustedClose=true","Dec 31, 2020","72.37","71.89"
"1616521277-871","https://finance.yahoo.com/quote/TCEHY/history?period1=1577836800&period2=1616457600&interval=1d&filter=history&frequency=1d&includeAdjustedClose=true","Jun 26, 2020","62.51","62.20"
"1616521277-940","https://finance.yahoo.com/quote/TCEHY/history?period1=1577836800&period2=1616457600&interval=1d&filter=history&frequency=1d&includeAdjustedClose=true","Mar 20, 2020","46.69","45.25"
"1616521277-846","https://finance.yahoo.com/quote/TCEHY/history?period1=1577836800&period2=1616457600&interval=1d&filter=history&frequency=1d&includeAdjustedClose=true","Aug 03, 2020","69.51","69.60"
"1616521277-899","https://finance.yahoo.com/quote/TCEHY/history?period1=1577836800&period2=1616457600&interval=1d&filter=history&frequency=1d&includeAdjustedClose=true","May 18, 2020","55.11","55.70"
"1616521277-700","https://finance.yahoo.com/quote/TCEHY/history?period1=1577836800&period2=1616457600&interval=1d&filter=history&frequency=1d&includeAdjustedClose=true","Mar 03, 2021","92.75","90.34"
"1616521277-829","https://finance.yahoo.com/quote/TCEHY/history?period1=1577836800&period2=1616457600&interval=1d&filter=history&frequency=1d&includeAdjustedClose=true","Aug 26, 2020","71.49","71.21"
"1616521277-954","https://finance.yahoo.com/quote/TCEHY/history?period1=1577836800&period2=1616457600&interval=1d&filter=history&frequency=1d&includeAdjustedClose=true","Mar 02, 2020","49.65","50.22"
"1616521277-729","https://finance.yahoo.com/quote/TCEHY/history?period1=1577836800&period2=1616457600&interval=1d&filter=history&frequency=1d&includeAdjustedClose=true","Jan 20, 2021","87.35","88.07"
"1616521277-901","https://finance.yahoo.com/quote/TCEHY/history?period1=1577836800&period2=1616457600&interval=1d&filter=history&frequency=1d&includeAdjustedClose=true","May 14, 2020","55.20","56.00"
"1616521277-815","https://finance.yahoo.com/quote/TCEHY/history?period1=1577836800&period2=1616457600&interval=1d&filter=history&frequency=1d&includeAdjustedClose=true","Sep 16, 2020","68.75","68.32"
"1616521277-723","https://finance.yahoo.com/quote/TCEHY/history?period1=1577836800&period2=1616457600&interval=1d&filter=history&frequency=1d&includeAdjustedClose=true","Jan 28, 2021","87.75","89.81"
"1616521277-896","https://finance.yahoo.com/quote/TCEHY/history?period1=1577836800&period2=1616457600&interval=1d&filter=history&frequency=1d&includeAdjustedClose=true","May 21, 2020","55.02","55.15"
"1616521277-726","https://finance.yahoo.com/quote/TCEHY/history?period1=1577836800&period2=1616457600&interval=1d&filter=history&frequency=1d&includeAdjustedClose=true","Jan 25, 2021","97.91","96.00"
"1616521277-707","https://finance.yahoo.com/quote/TCEHY/history?period1=1577836800&period2=1616457600&interval=1d&filter=history&frequency=1d&includeAdjustedClose=true","Feb 22, 2021","92.50","90.29"
"1616521277-713","https://finance.yahoo.com/quote/TCEHY/history?period1=1577836800&period2=1616457600&interval=1d&filter=history&frequency=1d&includeAdjustedClose=true","Feb 11, 2021","98.10","98.69"
"1616521277-968","https://finance.yahoo.com/quote/TCEHY/history?period1=1577836800&period2=1616457600&interval=1d&filter=history&frequency=1d&includeAdjustedClose=true","Feb 10, 2020","51.06","51.96"
"1616521277-832","https://finance.yahoo.com/quote/TCEHY/history?period1=1577836800&period2=1616457600&interval=1d&filter=history&frequency=1d&includeAdjustedClose=true","Aug 21, 2020","66.95","69.55"
"1616521277-981","https://finance.yahoo.com/quote/TCEHY/history?period1=1577836800&period2=1616457600&interval=1d&filter=history&frequency=1d&includeAdjustedClose=true","Jan 22, 2020","49.99","49.88"
"1616521277-828","https://finance.yahoo.com/quote/TCEHY/history?period1=1577836800&period2=1616457600&interval=1d&filter=history&frequency=1d&includeAdjustedClose=true","Aug 27, 2020","72.41","71.11"
"1616521277-920","https://finance.yahoo.com/quote/TCEHY/history?period1=1577836800&period2=1616457600&interval=1d&filter=history&frequency=1d&includeAdjustedClose=true","Apr 20, 2020","52.55","52.46"
"1616521277-788","https://finance.yahoo.com/quote/TCEHY/history?period1=1577836800&period2=1616457600&interval=1d&filter=history&frequency=1d&includeAdjustedClose=true","Oct 23, 2020","72.31","73.03"
"1616521277-891","https://finance.yahoo.com/quote/TCEHY/history?period1=1577836800&period2=1616457600&interval=1d&filter=history&frequency=1d&includeAdjustedClose=true","May 29, 2020","52.64","54.32"
"1616521277-699","https://finance.yahoo.com/quote/TCEHY/history?period1=1577836800&period2=1616457600&interval=1d&filter=history&frequency=1d&includeAdjustedClose=true","Mar 04, 2021","89.22","86.90"
"1616521277-894","https://finance.yahoo.com/quote/TCEHY/history?period1=1577836800&period2=1616457600&interval=1d&filter=history&frequency=1d&includeAdjustedClose=true","May 26, 2020","55.01","53.91"
"1616521277-877","https://finance.yahoo.com/quote/TCEHY/history?period1=1577836800&period2=1616457600&interval=1d&filter=history&frequency=1d&includeAdjustedClose=true","Jun 18, 2020","59.09","59.21"
"1616521277-810","https://finance.yahoo.com/quote/TCEHY/history?period1=1577836800&period2=1616457600&interval=1d&filter=history&frequency=1d&includeAdjustedClose=true","Sep 23, 2020","66.50","65.50"
"1616521277-941","https://finance.yahoo.com/quote/TCEHY/history?period1=1577836800&period2=1616457600&interval=1d&filter=history&frequency=1d&includeAdjustedClose=true","Mar 19, 2020","44.09","45.30"
"1616521277-813","https://finance.yahoo.com/quote/TCEHY/history?period1=1577836800&period2=1616457600&interval=1d&filter=history&frequency=1d&includeAdjustedClose=true","Sep 18, 2020","66.81","67.02"
"1616521277-740","https://finance.yahoo.com/quote/TCEHY/history?period1=1577836800&period2=1616457600&interval=1d&filter=history&frequency=1d&includeAdjustedClose=true","Jan 04, 2021","73.88","72.85"
"1616521277-958","https://finance.yahoo.com/quote/TCEHY/history?period1=1577836800&period2=1616457600&interval=1d&filter=history&frequency=1d&includeAdjustedClose=true","Feb 25, 2020","51.15","50.41"
"1616521277-914","https://finance.yahoo.com/quote/TCEHY/history?period1=1577836800&period2=1616457600&interval=1d&filter=history&frequency=1d&includeAdjustedClose=true","Apr 28, 2020","54.01","53.44"
"1616521277-870","https://finance.yahoo.com/quote/TCEHY/history?period1=1577836800&period2=1616457600&interval=1d&filter=history&frequency=1d&includeAdjustedClose=true","Jun 29, 2020","62.56","62.87"
"1616521277-719","https://finance.yahoo.com/quote/TCEHY/history?period1=1577836800&period2=1616457600&interval=1d&filter=history&frequency=1d&includeAdjustedClose=true","Feb 03, 2021","94.95","94.00"
"1616521277-897","https://finance.yahoo.com/quote/TCEHY/history?period1=1577836800&period2=1616457600&interval=1d&filter=history&frequency=1d&includeAdjustedClose=true","May 20, 2020","57.00","56.62"
"1616521277-917","https://finance.yahoo.com/quote/TCEHY/history?period1=1577836800&period2=1616457600&interval=1d&filter=history&frequency=1d&includeAdjustedClose=true","Apr 23, 2020","53.09","52.46"
"1616521277-865","https://finance.yahoo.com/quote/TCEHY/history?period1=1577836800&period2=1616457600&interval=1d&filter=history&frequency=1d&includeAdjustedClose=true","Jul 07, 2020","66.65","66.50"
"1616521277-857","https://finance.yahoo.com/quote/TCEHY/history?period1=1577836800&period2=1616457600&interval=1d&filter=history&frequency=1d&includeAdjustedClose=true","Jul 17, 2020","67.53","67.56"
"1616521277-821","https://finance.yahoo.com/quote/TCEHY/history?period1=1577836800&period2=1616457600&interval=1d&filter=history&frequency=1d&includeAdjustedClose=true","Sep 08, 2020","64.60","64.74"
"1616521277-696","https://finance.yahoo.com/quote/TCEHY/history?period1=1577836800&period2=1616457600&interval=1d&filter=history&frequency=1d&includeAdjustedClose=true","Mar 09, 2021","84.19","85.87"
"1616521277-952","https://finance.yahoo.com/quote/TCEHY/history?period1=1577836800&period2=1616457600&interval=1d&filter=history&frequency=1d&includeAdjustedClose=true","Mar 04, 2020","50.78","51.23"
"1616521277-705","https://finance.yahoo.com/quote/TCEHY/history?period1=1577836800&period2=1616457600&interval=1d&filter=history&frequency=1d&includeAdjustedClose=true","Feb 24, 2021","88.51","89.20"
"1616521277-834","https://finance.yahoo.com/quote/TCEHY/history?period1=1577836800&period2=1616457600&interval=1d&filter=history&frequency=1d&includeAdjustedClose=true","Aug 19, 2020","65.68","64.90"
"1616521277-982","https://finance.yahoo.com/quote/TCEHY/history?period1=1577836800&period2=1616457600&interval=1d&filter=history&frequency=1d&includeAdjustedClose=true","Jan 21, 2020","49.71","49.21"
"1616521277-848","https://finance.yahoo.com/quote/TCEHY/history?period1=1577836800&period2=1616457600&interval=1d&filter=history&frequency=1d&includeAdjustedClose=true","Jul 30, 2020","68.78","69.06"
"1616521277-830","https://finance.yahoo.com/quote/TCEHY/history?period1=1577836800&period2=1616457600&interval=1d&filter=history&frequency=1d&includeAdjustedClose=true","Aug 25, 2020","70.43","71.17"
"1616521277-963","https://finance.yahoo.com/quote/TCEHY/history?period1=1577836800&period2=1616457600&interval=1d&filter=history&frequency=1d&includeAdjustedClose=true","Feb 18, 2020","52.48","52.85"
"1616521277-930","https://finance.yahoo.com/quote/TCEHY/history?period1=1577836800&period2=1616457600&interval=1d&filter=history&frequency=1d&includeAdjustedClose=true","Apr 03, 2020","48.62","47.81"
"1616521277-836","https://finance.yahoo.com/quote/TCEHY/history?period1=1577836800&period2=1616457600&interval=1d&filter=history&frequency=1d&includeAdjustedClose=true","Aug 17, 2020","65.55","66.09"
"1616521277-692","https://finance.yahoo.com/quote/TCEHY/history?period1=1577836800&period2=1616457600&interval=1d&filter=history&frequency=1d&includeAdjustedClose=true","Mar 15, 2021","80.93","82.62"
"1616521277-937","https://finance.yahoo.com/quote/TCEHY/history?period1=1577836800&period2=1616457600&interval=1d&filter=history&frequency=1d&includeAdjustedClose=true","Mar 25, 2020","48.94","49.25"
"1616521277-802","https://finance.yahoo.com/quote/TCEHY/history?period1=1577836800&period2=1616457600&interval=1d&filter=history&frequency=1d&includeAdjustedClose=true","Oct 05, 2020","67.52","68.39"
"1616521277-969","https://finance.yahoo.com/quote/TCEHY/history?period1=1577836800&period2=1616457600&interval=1d&filter=history&frequency=1d&includeAdjustedClose=true","Feb 07, 2020","51.10","51.05"
"1616521277-962","https://finance.yahoo.com/quote/TCEHY/history?period1=1577836800&period2=1616457600&interval=1d&filter=history&frequency=1d&includeAdjustedClose=true","Feb 19, 2020","52.90","53.20"
"1616521277-752","https://finance.yahoo.com/quote/TCEHY/history?period1=1577836800&period2=1616457600&interval=1d&filter=history&frequency=1d&includeAdjustedClose=true","Dec 15, 2020","72.75","73.12"
"1616521277-957","https://finance.yahoo.com/quote/TCEHY/history?period1=1577836800&period2=1616457600&interval=1d&filter=history&frequency=1d&includeAdjustedClose=true","Feb 26, 2020","51.18","51.05"
"1616521277-859","https://finance.yahoo.com/quote/TCEHY/history?period1=1577836800&period2=1616457600&interval=1d&filter=history&frequency=1d&includeAdjustedClose=true","Jul 15, 2020","70.08","69.81"
"1616521277-925","https://finance.yahoo.com/quote/TCEHY/history?period1=1577836800&period2=1616457600&interval=1d&filter=history&frequency=1d&includeAdjustedClose=true","Apr 13, 2020","49.86","49.80"
"1616521277-990","https://finance.yahoo.com/quote/TCEHY/history?period1=1577836800&period2=1616457600&interval=1d&filter=history&frequency=1d&includeAdjustedClose=true","Jan 08, 2020","49.21","49.65"
"1616521277-949","https://finance.yahoo.com/quote/TCEHY/history?period1=1577836800&period2=1616457600&interval=1d&filter=history&frequency=1d&includeAdjustedClose=true","Mar 09, 2020","47.99","47.76"
"1616521277-701","https://finance.yahoo.com/quote/TCEHY/history?period1=1577836800&period2=1616457600&interval=1d&filter=history&frequency=1d&includeAdjustedClose=true","Mar 02, 2021","90.76","89.91"
"1616521277-766","https://finance.yahoo.com/quote/TCEHY/history?period1=1577836800&period2=1616457600&interval=1d&filter=history&frequency=1d&includeAdjustedClose=true","Nov 24, 2020","75.45","75.79"
"1616521277-736","https://finance.yahoo.com/quote/TCEHY/history?period1=1577836800&period2=1616457600&interval=1d&filter=history&frequency=1d&includeAdjustedClose=true","Jan 08, 2021","73.18","76.94"
"1616521277-878","https://finance.yahoo.com/quote/TCEHY/history?period1=1577836800&period2=1616457600&interval=1d&filter=history&frequency=1d&includeAdjustedClose=true","Jun 17, 2020","58.10","58.41"
"1616521277-880","https://finance.yahoo.com/quote/TCEHY/history?period1=1577836800&period2=1616457600&interval=1d&filter=history&frequency=1d&includeAdjustedClose=true","Jun 15, 2020","55.80","56.83"
"1616521277-694","https://finance.yahoo.com/quote/TCEHY/history?period1=1577836800&period2=1616457600&interval=1d&filter=history&frequency=1d&includeAdjustedClose=true","Mar 11, 2021","87.75","89.28"
"1616521277-905","https://finance.yahoo.com/quote/TCEHY/history?period1=1577836800&period2=1616457600&interval=1d&filter=history&frequency=1d&includeAdjustedClose=true","May 11, 2020","55.50","55.96"
"1616521277-732","https://finance.yahoo.com/quote/TCEHY/history?period1=1577836800&period2=1616457600&interval=1d&filter=history&frequency=1d&includeAdjustedClose=true","Jan 14, 2021","81.12","80.80"
"1616521277-933","https://finance.yahoo.com/quote/TCEHY/history?period1=1577836800&period2=1616457600&interval=1d&filter=history&frequency=1d&includeAdjustedClose=true","Mar 31, 2020","48.50","49.09"
"1616521277-910","https://finance.yahoo.com/quote/TCEHY/history?period1=1577836800&period2=1616457600&interval=1d&filter=history&frequency=1d&includeAdjustedClose=true","May 04, 2020","51.10","51.57"
"1616521277-966","https://finance.yahoo.com/quote/TCEHY/history?period1=1577836800&period2=1616457600&interval=1d&filter=history&frequency=1d&includeAdjustedClose=true","Feb 12, 2020","53.13","53.49"
"1616521277-824","https://finance.yahoo.com/quote/TCEHY/history?period1=1577836800&period2=1616457600&interval=1d&filter=history&frequency=1d&includeAdjustedClose=true","Sep 02, 2020","70.66","70.13"
"1616521277-960","https://finance.yahoo.com/quote/TCEHY/history?period1=1577836800&period2=1616457600&interval=1d&filter=history&frequency=1d&includeAdjustedClose=true","Feb 21, 2020","51.74","51.47"
"1616521277-945","https://finance.yahoo.com/quote/TCEHY/history?period1=1577836800&period2=1616457600&interval=1d&filter=history&frequency=1d&includeAdjustedClose=true","Mar 13, 2020","47.58","46.24"
"1616521277-739","https://finance.yahoo.com/quote/TCEHY/history?period1=1577836800&period2=1616457600&interval=1d&filter=history&frequency=1d&includeAdjustedClose=true","Jan 05, 2021","75.10","76.66"
"1616521277-931","https://finance.yahoo.com/quote/TCEHY/history?period1=1577836800&period2=1616457600&interval=1d&filter=history&frequency=1d&includeAdjustedClose=true","Apr 02, 2020","48.19","48.82"
"1616521277-827","https://finance.yahoo.com/quote/TCEHY/history?period1=1577836800&period2=1616457600&interval=1d&filter=history&frequency=1d&includeAdjustedClose=true","Aug 28, 2020","69.83","70.32"
"1616521277-734","https://finance.yahoo.com/quote/TCEHY/history?period1=1577836800&period2=1616457600&interval=1d&filter=history&frequency=1d&includeAdjustedClose=true","Jan 12, 2021","76.00","76.22"
"1616521277-947","https://finance.yahoo.com/quote/TCEHY/history?period1=1577836800&period2=1616457600&interval=1d&filter=history&frequency=1d&includeAdjustedClose=true","Mar 11, 2020","48.31","47.63"
"1616521277-746","https://finance.yahoo.com/quote/TCEHY/history?period1=1577836800&period2=1616457600&interval=1d&filter=history&frequency=1d&includeAdjustedClose=true","Dec 23, 2020","73.31","73.65"
"1616521277-946","https://finance.yahoo.com/quote/TCEHY/history?period1=1577836800&period2=1616457600&interval=1d&filter=history&frequency=1d&includeAdjustedClose=true","Mar 12, 2020","43.62","43.68"
"1616521277-918","https://finance.yahoo.com/quote/TCEHY/history?period1=1577836800&period2=1616457600&interval=1d&filter=history&frequency=1d&includeAdjustedClose=true","Apr 22, 2020","52.90","52.86"
"1616521277-835","https://finance.yahoo.com/quote/TCEHY/history?period1=1577836800&period2=1616457600&interval=1d&filter=history&frequency=1d&includeAdjustedClose=true","Aug 18, 2020","66.10","66.07"
"1616521277-738","https://finance.yahoo.com/quote/TCEHY/history?period1=1577836800&period2=1616457600&interval=1d&filter=history&frequency=1d&includeAdjustedClose=true","Jan 06, 2021","76.29","73.62"
"1616521277-984","https://finance.yahoo.com/quote/TCEHY/history?period1=1577836800&period2=1616457600&interval=1d&filter=history&frequency=1d&includeAdjustedClose=true","Jan 16, 2020","51.37","51.55"
"1616521277-697","https://finance.yahoo.com/quote/TCEHY/history?period1=1577836800&period2=1616457600&interval=1d&filter=history&frequency=1d&includeAdjustedClose=true","Mar 08, 2021","83.48","82.20"
"1616521277-944","https://finance.yahoo.com/quote/TCEHY/history?period1=1577836800&period2=1616457600&interval=1d&filter=history&frequency=1d&includeAdjustedClose=true","Mar 16, 2020","41.25","42.06"
"1616521277-762","https://finance.yahoo.com/quote/TCEHY/history?period1=1577836800&period2=1616457600&interval=1d&filter=history&frequency=1d&includeAdjustedClose=true","Dec 01, 2020","74.75","74.60"
"1616521277-777","https://finance.yahoo.com/quote/TCEHY/history?period1=1577836800&period2=1616457600&interval=1d&filter=history&frequency=1d&includeAdjustedClose=true","Nov 09, 2020","80.83","78.56"
"1616521277-845","https://finance.yahoo.com/quote/TCEHY/history?period1=1577836800&period2=1616457600&interval=1d&filter=history&frequency=1d&includeAdjustedClose=true","Aug 04, 2020","70.36","71.19"
"1616521277-761","https://finance.yahoo.com/quote/TCEHY/history?period1=1577836800&period2=1616457600&interval=1d&filter=history&frequency=1d&includeAdjustedClose=true","Dec 02, 2020","74.12","74.50"
"1616521277-853","https://finance.yahoo.com/quote/TCEHY/history?period1=1577836800&period2=1616457600&interval=1d&filter=history&frequency=1d&includeAdjustedClose=true","Jul 23, 2020","71.22","70.44"
"1616521277-913","https://finance.yahoo.com/quote/TCEHY/history?period1=1577836800&period2=1616457600&interval=1d&filter=history&frequency=1d&includeAdjustedClose=true","Apr 29, 2020","54.08","54.05"
"1616521277-915","https://finance.yahoo.com/quote/TCEHY/history?period1=1577836800&period2=1616457600&interval=1d&filter=history&frequency=1d&includeAdjustedClose=true","Apr 27, 2020","53.32","53.30"
"1616521277-759","https://finance.yahoo.com/quote/TCEHY/history?period1=1577836800&period2=1616457600&interval=1d&filter=history&frequency=1d&includeAdjustedClose=true","Dec 04, 2020","76.08","75.73"
"1616521277-942","https://finance.yahoo.com/quote/TCEHY/history?period1=1577836800&period2=1616457600&interval=1d&filter=history&frequency=1d&includeAdjustedClose=true","Mar 18, 2020","41.59","42.28"
"1616521277-841","https://finance.yahoo.com/quote/TCEHY/history?period1=1577836800&period2=1616457600&interval=1d&filter=history&frequency=1d&includeAdjustedClose=true","Aug 10, 2020","64.73","64.89"
"1616521277-912","https://finance.yahoo.com/quote/TCEHY/history?period1=1577836800&period2=1616457600&interval=1d&filter=history&frequency=1d&includeAdjustedClose=true","Apr 30, 2020","53.74","52.62"
"1616521277-926","https://finance.yahoo.com/quote/TCEHY/history?period1=1577836800&period2=1616457600&interval=1d&filter=history&frequency=1d&includeAdjustedClose=true","Apr 09, 2020","50.40","49.47"
"1616521277-722","https://finance.yahoo.com/quote/TCEHY/history?period1=1577836800&period2=1616457600&interval=1d&filter=history&frequency=1d&includeAdjustedClose=true","Jan 29, 2021","88.97","89.31"
"1616521277-772","https://finance.yahoo.com/quote/TCEHY/history?period1=1577836800&period2=1616457600&interval=1d&filter=history&frequency=1d&includeAdjustedClose=true","Nov 16, 2020","76.70","75.83"
"1616521277-776","https://finance.yahoo.com/quote/TCEHY/history?period1=1577836800&period2=1616457600&interval=1d&filter=history&frequency=1d&includeAdjustedClose=true","Nov 10, 2020","76.35","73.80"
"1616521277-797","https://finance.yahoo.com/quote/TCEHY/history?period1=1577836800&period2=1616457600&interval=1d&filter=history&frequency=1d&includeAdjustedClose=true","Oct 12, 2020","71.73","73.08"
"1616521277-773","https://finance.yahoo.com/quote/TCEHY/history?period1=1577836800&period2=1616457600&interval=1d&filter=history&frequency=1d&includeAdjustedClose=true","Nov 13, 2020","77.20","76.46"
"1616521277-795","https://finance.yahoo.com/quote/TCEHY/history?period1=1577836800&period2=1616457600&interval=1d&filter=history&frequency=1d&includeAdjustedClose=true","Oct 14, 2020","73.97","73.00"
"1616521277-769","https://finance.yahoo.com/quote/TCEHY/history?period1=1577836800&period2=1616457600&interval=1d&filter=history&frequency=1d&includeAdjustedClose=true","Nov 19, 2020","74.37","75.18"
"1616521277-883","https://finance.yahoo.com/quote/TCEHY/history?period1=1577836800&period2=1616457600&interval=1d&filter=history&frequency=1d&includeAdjustedClose=true","Jun 10, 2020","57.40","57.99"
"1616521277-873","https://finance.yahoo.com/quote/TCEHY/history?period1=1577836800&period2=1616457600&interval=1d&filter=history&frequency=1d&includeAdjustedClose=true","Jun 24, 2020","63.00","62.97"
"1616521277-964","https://finance.yahoo.com/quote/TCEHY/history?period1=1577836800&period2=1616457600&interval=1d&filter=history&frequency=1d&includeAdjustedClose=true","Feb 14, 2020","53.31","53.30"
"1616521277-724","https://finance.yahoo.com/quote/TCEHY/history?period1=1577836800&period2=1616457600&interval=1d&filter=history&frequency=1d&includeAdjustedClose=true","Jan 27, 2021","89.13","88.21"
"1616521277-715","https://finance.yahoo.com/quote/TCEHY/history?period1=1577836800&period2=1616457600&interval=1d&filter=history&frequency=1d&includeAdjustedClose=true","Feb 09, 2021","96.69","97.79"
"1616521277-907","https://finance.yahoo.com/quote/TCEHY/history?period1=1577836800&period2=1616457600&interval=1d&filter=history&frequency=1d&includeAdjustedClose=true","May 07, 2020","52.50","52.75"
"1616521277-786","https://finance.yahoo.com/quote/TCEHY/history?period1=1577836800&period2=1616457600&interval=1d&filter=history&frequency=1d&includeAdjustedClose=true","Oct 27, 2020","75.20","76.75"
"1616521277-861","https://finance.yahoo.com/quote/TCEHY/history?period1=1577836800&period2=1616457600&interval=1d&filter=history&frequency=1d&includeAdjustedClose=true","Jul 13, 2020","70.31","68.14"
"1616521277-733","https://finance.yahoo.com/quote/TCEHY/history?period1=1577836800&period2=1616457600&interval=1d&filter=history&frequency=1d&includeAdjustedClose=true","Jan 13, 2021","76.60","78.43"
"1616521277-711","https://finance.yahoo.com/quote/TCEHY/history?period1=1577836800&period2=1616457600&interval=1d&filter=history&frequency=1d&includeAdjustedClose=true","Feb 16, 2021","96.61","96.10"
"1616521277-987","https://finance.yahoo.com/quote/TCEHY/history?period1=1577836800&period2=1616457600&interval=1d&filter=history&frequency=1d&includeAdjustedClose=true","Jan 13, 2020","51.99","52.31"
"1616521277-927","https://finance.yahoo.com/quote/TCEHY/history?period1=1577836800&period2=1616457600&interval=1d&filter=history&frequency=1d&includeAdjustedClose=true","Apr 08, 2020","49.59","50.15"
"1616521277-753","https://finance.yahoo.com/quote/TCEHY/history?period1=1577836800&period2=1616457600&interval=1d&filter=history&frequency=1d&includeAdjustedClose=true","Dec 14, 2020","74.28","73.16"
"1616521277-851","https://finance.yahoo.com/quote/TCEHY/history?period1=1577836800&period2=1616457600&interval=1d&filter=history&frequency=1d&includeAdjustedClose=true","Jul 27, 2020","67.73","68.33"
"1616521277-831","https://finance.yahoo.com/quote/TCEHY/history?period1=1577836800&period2=1616457600&interval=1d&filter=history&frequency=1d&includeAdjustedClose=true","Aug 24, 2020","70.96","69.96"
"1616521277-799","https://finance.yahoo.com/quote/TCEHY/history?period1=1577836800&period2=1616457600&interval=1d&filter=history&frequency=1d&includeAdjustedClose=true","Oct 08, 2020","68.97","69.56"
"1616521277-840","https://finance.yahoo.com/quote/TCEHY/history?period1=1577836800&period2=1616457600&interval=1d&filter=history&frequency=1d&includeAdjustedClose=true","Aug 11, 2020","66.63","65.95"
"1616521277-862","https://finance.yahoo.com/quote/TCEHY/history?period1=1577836800&period2=1616457600&interval=1d&filter=history&frequency=1d&includeAdjustedClose=true","Jul 10, 2020","70.96","70.40"
"1616521277-717","https://finance.yahoo.com/quote/TCEHY/history?period1=1577836800&period2=1616457600&interval=1d&filter=history&frequency=1d&includeAdjustedClose=true","Feb 05, 2021","95.01","95.40"
"1616521277-804","https://finance.yahoo.com/quote/TCEHY/history?period1=1577836800&period2=1616457600&interval=1d&filter=history&frequency=1d&includeAdjustedClose=true","Oct 01, 2020","68.50","68.52"
"1616521277-953","https://finance.yahoo.com/quote/TCEHY/history?period1=1577836800&period2=1616457600&interval=1d&filter=history&frequency=1d&includeAdjustedClose=true","Mar 03, 2020","50.99","50.19"
"1616521277-748","https://finance.yahoo.com/quote/TCEHY/history?period1=1577836800&period2=1616457600&interval=1d&filter=history&frequency=1d&includeAdjustedClose=true","Dec 21, 2020","73.30","73.89"
"1616521277-817","https://finance.yahoo.com/quote/TCEHY/history?period1=1577836800&period2=1616457600&interval=1d&filter=history&frequency=1d&includeAdjustedClose=true","Sep 14, 2020","68.15","68.46"
"1616521277-867","https://finance.yahoo.com/quote/TCEHY/history?period1=1577836800&period2=1616457600&interval=1d&filter=history&frequency=1d&includeAdjustedClose=true","Jul 02, 2020","67.11","66.69"
"1616521277-787","https://finance.yahoo.com/quote/TCEHY/history?period1=1577836800&period2=1616457600&interval=1d&filter=history&frequency=1d&includeAdjustedClose=true","Oct 26, 2020","72.44","72.59"
"1616521277-735","https://finance.yahoo.com/quote/TCEHY/history?period1=1577836800&period2=1616457600&interval=1d&filter=history&frequency=1d&includeAdjustedClose=true","Jan 11, 2021","75.61","75.75"
"1616521277-993","https://finance.yahoo.com/quote/TCEHY/history?period1=1577836800&period2=1616457600&interval=1d&filter=history&frequency=1d&includeAdjustedClose=true","Jan 03, 2020","48.80","49.03"
"1616521277-929","https://finance.yahoo.com/quote/TCEHY/history?period1=1577836800&period2=1616457600&interval=1d&filter=history&frequency=1d&includeAdjustedClose=true","Apr 06, 2020","49.48","49.94"
"1616521277-782","https://finance.yahoo.com/quote/TCEHY/history?period1=1577836800&period2=1616457600&interval=1d&filter=history&frequency=1d&includeAdjustedClose=true","Nov 02, 2020","78.38","77.48"
"1616521277-688","https://finance.yahoo.com/quote/TCEHY/history?period1=1577836800&period2=1616457600&interval=1d&filter=history&frequency=1d&includeAdjustedClose=true","Mar 19, 2021","80.70","82.64"
"1616521277-875","https://finance.yahoo.com/quote/TCEHY/history?period1=1577836800&period2=1616457600&interval=1d&filter=history&frequency=1d&includeAdjustedClose=true","Jun 22, 2020","61.46","62.15"
"1616521277-784","https://finance.yahoo.com/quote/TCEHY/history?period1=1577836800&period2=1616457600&interval=1d&filter=history&frequency=1d&includeAdjustedClose=true","Oct 29, 2020","77.85","78.53"
"1616521277-967","https://finance.yahoo.com/quote/TCEHY/history?period1=1577836800&period2=1616457600&interval=1d&filter=history&frequency=1d&includeAdjustedClose=true","Feb 11, 2020","52.73","52.70"
"1616521277-774","https://finance.yahoo.com/quote/TCEHY/history?period1=1577836800&period2=1616457600&interval=1d&filter=history&frequency=1d&includeAdjustedClose=true","Nov 12, 2020","76.00","73.30"
"1616521277-806","https://finance.yahoo.com/quote/TCEHY/history?period1=1577836800&period2=1616457600&interval=1d&filter=history&frequency=1d&includeAdjustedClose=true","Sep 29, 2020","65.60","65.55"
"1616521277-991","https://finance.yahoo.com/quote/TCEHY/history?period1=1577836800&period2=1616457600&interval=1d&filter=history&frequency=1d&includeAdjustedClose=true","Jan 07, 2020","49.54","49.78"
"1616521277-718","https://finance.yahoo.com/quote/TCEHY/history?period1=1577836800&period2=1616457600&interval=1d&filter=history&frequency=1d&includeAdjustedClose=true","Feb 04, 2021","95.35","95.39"
"1616521277-725","https://finance.yahoo.com/quote/TCEHY/history?period1=1577836800&period2=1616457600&interval=1d&filter=history&frequency=1d&includeAdjustedClose=true","Jan 26, 2021","92.83","92.36"
"1616521277-959","https://finance.yahoo.com/quote/TCEHY/history?period1=1577836800&period2=1616457600&interval=1d&filter=history&frequency=1d&includeAdjustedClose=true","Feb 24, 2020","48.72","49.41"
"1616521277-775","https://finance.yahoo.com/quote/TCEHY/history?period1=1577836800&period2=1616457600&interval=1d&filter=history&frequency=1d&includeAdjustedClose=true","Nov 11, 2020","71.85","73.44"
"1616521277-961","https://finance.yahoo.com/quote/TCEHY/history?period1=1577836800&period2=1616457600&interval=1d&filter=history&frequency=1d&includeAdjustedClose=true","Feb 20, 2020","52.80","52.26"
"1616521277-747","https://finance.yahoo.com/quote/TCEHY/history?period1=1577836800&period2=1616457600&interval=1d&filter=history&frequency=1d&includeAdjustedClose=true","Dec 22, 2020","74.00","73.29"
"1616521277-720","https://finance.yahoo.com/quote/TCEHY/history?period1=1577836800&period2=1616457600&interval=1d&filter=history&frequency=1d&includeAdjustedClose=true","Feb 02, 2021","93.66","94.60"
"1616521277-855","https://finance.yahoo.com/quote/TCEHY/history?period1=1577836800&period2=1616457600&interval=1d&filter=history&frequency=1d&includeAdjustedClose=true","Jul 21, 2020","72.72","71.49"
"1616521277-742","https://finance.yahoo.com/quote/TCEHY/history?period1=1577836800&period2=1616457600&interval=1d&filter=history&frequency=1d&includeAdjustedClose=true","Dec 30, 2020","72.01","71.72"
"1616521277-973","https://finance.yahoo.com/quote/TCEHY/history?period1=1577836800&period2=1616457600&interval=1d&filter=history&frequency=1d&includeAdjustedClose=true","Feb 03, 2020","48.76","49.44"
"1616521277-843","https://finance.yahoo.com/quote/TCEHY/history?period1=1577836800&period2=1616457600&interval=1d&filter=history&frequency=1d&includeAdjustedClose=true","Aug 06, 2020","71.64","72.57"
"1616521277-807","https://finance.yahoo.com/quote/TCEHY/history?period1=1577836800&period2=1616457600&interval=1d&filter=history&frequency=1d&includeAdjustedClose=true","Sep 28, 2020","65.86","65.64"
"1616521277-876","https://finance.yahoo.com/quote/TCEHY/history?period1=1577836800&period2=1616457600&interval=1d&filter=history&frequency=1d&includeAdjustedClose=true","Jun 19, 2020","59.53","58.95"
"1616521277-781","https://finance.yahoo.com/quote/TCEHY/history?period1=1577836800&period2=1616457600&interval=1d&filter=history&frequency=1d&includeAdjustedClose=true","Nov 03, 2020","75.50","74.97"
"1616521277-847","https://finance.yahoo.com/quote/TCEHY/history?period1=1577836800&period2=1616457600&interval=1d&filter=history&frequency=1d&includeAdjustedClose=true","Jul 31, 2020","69.12","68.49"
"1616521277-890","https://finance.yahoo.com/quote/TCEHY/history?period1=1577836800&period2=1616457600&interval=1d&filter=history&frequency=1d&includeAdjustedClose=true","Jun 01, 2020","54.82","55.18"
"1616521277-793","https://finance.yahoo.com/quote/TCEHY/history?period1=1577836800&period2=1616457600&interval=1d&filter=history&frequency=1d&includeAdjustedClose=true","Oct 16, 2020","72.32","72.72"
"1616521277-714","https://finance.yahoo.com/quote/TCEHY/history?period1=1577836800&period2=1616457600&interval=1d&filter=history&frequency=1d&includeAdjustedClose=true","Feb 10, 2021","98.18","97.75"
"1616521277-886","https://finance.yahoo.com/quote/TCEHY/history?period1=1577836800&period2=1616457600&interval=1d&filter=history&frequency=1d&includeAdjustedClose=true","Jun 05, 2020","56.09","56.00"
"1616521277-884","https://finance.yahoo.com/quote/TCEHY/history?period1=1577836800&period2=1616457600&interval=1d&filter=history&frequency=1d&includeAdjustedClose=true","Jun 09, 2020","55.67","55.98"
"1616521277-800","https://finance.yahoo.com/quote/TCEHY/history?period1=1577836800&period2=1616457600&interval=1d&filter=history&frequency=1d&includeAdjustedClose=true","Oct 07, 2020","69.20","69.32"
"1616521277-852","https://finance.yahoo.com/quote/TCEHY/history?period1=1577836800&period2=1616457600&interval=1d&filter=history&frequency=1d&includeAdjustedClose=true","Jul 24, 2020","67.88","68.82"
"1616521277-783","https://finance.yahoo.com/quote/TCEHY/history?period1=1577836800&period2=1616457600&interval=1d&filter=history&frequency=1d&includeAdjustedClose=true","Oct 30, 2020","77.00","76.34"
